Maria Oliveira,987654321,maria.oliveira@email.com
Carlos Santos,111223344,carlos.santos@email.com
Ana Pereira,555666777,ana.pereira@email.com
Pedro Lima,999888777,pedro.lima@email.com
Fernanda Costa,333444555,fernanda.costa@email.com
Rafaela Sousa,777888999,rafaela.sousa@email.com
Luís Martins,444555666,luis.martins@email.com
Juliana Ferreira,222333444,juliana.ferreira@email.com
André Oliveira,666777888,andre.oliveira@email.com
Paula Mendes,999000111,paula.mendes@email.com
José Almeida,888999000,jose.almeida@email.com
Camila Rodrigues,123987456,camila.rodrigues@email.com
Marcos Lima,456789123,marcos.lima@email.com
Miguel Pereira,321654987,miguel.pereira@email.com
Larissa Oliveira,654987321,larissa.oliveira@email.com
Guilherme Santos,111000222,guilherme.santos@email.com
Vanessa Silva,222111000,vanessa.silva@email.com
Lucas Souza,333222111,lucas.souza@email.com
Isabela Martins,444333222,isabela.martins@email.com
Renato Pereira,555444333,renato.pereira@email.com
Carolina Lima,666555444,carolina.lima@email.com
Daniel Costa,777666555,daniel.costa@email.com
Mariana Oliveira,888777666,mariana.oliveira@email.com
Andréa Santos,999888777,andrea.santos@email.com
Tiago Almeida,000999888,tiago.almeida@email.com
Patrícia Rodrigues,111222333,patricia.rodrigues@email.com
Bruno Mendes,222333444,bruno.mendes@email.com
Renata Sousa,333444555,renata.sousa@email.com
Gustavo Martins,444555666,gustavo.martins@email.com
Catarina Ferreira,555666777,catarina.ferreira@email.com
Eduardo Oliveira,666777888,eduardo.oliveira@email.com
Vânia Costa,777888999,vania.costa@email.com
Francisco Silva,888999000,francisco.silva@email.com
Luana Pereira,999000111,luana.pereira@email.com
Diego Almeida,123987456,diego.almeida@email.com
Jéssica Lima,456789123,jessica.lima@email.com
Rui Santos,789123456,rui.santos@email.com
Bruna Rodrigues,321654987,bruna.rodrigues@email.com
Nuno Oliveira,654987321,nuno.oliveira@email.com
Tatiane Souza,111000222,tatiane.souza@email.com
Felipe Martins,222111000,felipe.martins@email.com
Amanda Pereira,333222111,amanda.pereira@email.com
Ricardo Costa,444333222,ricardo.costa@email.com
Larissa Silva,555444333,larissa.silva@email.com
Cristiano Lima,666555444,cristiano.lima@email.com
Natália Costa,777666555,natalia.costa@email.com
André Sousa,888777666,andre.sousa@email.com
Larissa Oliveira,999888777,larissa.oliveira@email.com
João Santos,000999888,joao.santos@email.com
Mariana Rodrigues,111222333,mariana.rodrigues@email.com
Lucas Mendes,222333444,lucas.mendes@email.com
Patrícia Souza,333444555,patricia.souza@email.com
Renato Costa,444555666,renato.costa@email.com
Isabela Pereira,555666777,isabela.pereira@email.com
Gustavo Oliveira,666777888,gustavo.oliveira@email.com
Carolina Lima,777888999,carolina.lima@email.com
Daniel Silva,888999000,daniel.silva@email.com
Camila Almeida,999000111,camila.almeida@email.com
Marcos Rodrigues,123987456,marcos.rodrigues@email.com
Beatriz Lima,456789123,beatriz.lima@email.com
Miguel Santos,789123456,miguel.santos@email.com
Larissa Oliveira,321654987,larissa.oliveira@email.com
Guilherme Pereira,654987321,guilherme.pereira@email.com
Vanessa Costa,111000222,vanessa.costa@email.com
Lucas Souza,222111000,lucas.souza@email.com
Isabela Martins,333222111,isabela.martins@email.com
Renato Pereira,444333222,renato.pereira@email.com
Carolina Lima,555444333,carolina.lima@email.com
Daniel Costa,666555444,daniel.costa@email.com
Mariana Oliveira,777666555,mariana.oliveira@email.com
Andréa Santos,888777666,andrea.santos@email.com
Tiago Almeida,999888777,tiago.almeida@email.com
Patrícia Rodrigues,000999888,patricia.rodrigues@email.com
Bruno Mendes,111222333,bruno.mendes@email.com
Renata Sousa,222333444,renata.sousa@email.com
Gustavo Martins,333444555,gustavo.martins@email.com
